{"sensitivity":868.894348,"ads_sensitivity":336.37204,"scoped_sensitivity":531.991943}